file_path,line_number,tag,content
.python_tmp/setup_env.py,22,TODO,Add input validation for empty data
.python_tmp/setup_env.py,23,TODO,Implement caching mechanism for repeated calls
.python_tmp/setup_env.py,28,TODO,- Implement proper schema validation
.python_tmp/setup_env.py,37,TODO,Load config from file instead of hardcoding
.python_tmp/setup_env.py,42,TODO,(warning): Handle network timeout gracefully
.python_tmp/setup_env.py,43,TODO,(future): Add support for batch processing
.python_tmp/setup_env.py,50,TODO,Add retry logic for failed requests
.python_tmp/setup_env.py,51,TODO,(bug): Fix memory leak in connection pool
.python_tmp/setup_env.py,55,TODO,Add timeout parameter
.python_tmp/setup_env.py,56,TODO,Handle SSL certificate errors
.python_tmp/setup_env.py,61,TODO,- Implement request signing
.python_tmp/setup_env.py,66,TODO,add support for multi-threading
.python_tmp/setup_env.py,67,TODO,(bugfix): Race condition in concurrent access
.python_tmp/setup_env.py,71,TODO,Support custom formatting templates
.python_tmp/setup_env.py,76,TODO,Add more test cases
.python_tmp/setup_env.py,77,TODO,Mock external dependencies
.python_tmp/setup_env.py,80,TODO,Test edge cases
.python_tmp/setup_env.py,132,TODO,Add input validation for empty data
.python_tmp/setup_env.py,133,TODO,Implement caching mechanism for repeated calls
.python_tmp/setup_env.py,134,TODO,(dev): Add support for streaming data processing
.python_tmp/setup_env.py,139,TODO,- Implement proper schema validation
.python_tmp/setup_env.py,140,TODO,(dev): Add type hints
.python_tmp/setup_env.py,147,TODO,(dev): Implement option handling
.python_tmp/setup_env.py,154,TODO,Load config from file instead of hardcoding
.python_tmp/setup_env.py,155,TODO,(dev): Add validation for config parameters
.python_tmp/setup_env.py,160,TODO,(warning): Handle network timeout gracefully
.python_tmp/setup_env.py,161,TODO,(future): Add support for batch processing
.python_tmp/setup_env.py,162,TODO,(dev): Implement error recovery
.python_tmp/setup_env.py,166,TODO,(dev): Graceful shutdown implementation
.python_tmp/setup_env.py,178,TODO,Add retry logic for failed requests
.python_tmp/setup_env.py,179,TODO,(bug): Fix memory leak in connection pool
.python_tmp/setup_env.py,180,TODO,(dev): Add connection pooling configuration
.python_tmp/setup_env.py,184,TODO,Add timeout parameter
.python_tmp/setup_env.py,185,TODO,Handle SSL certificate errors
.python_tmp/setup_env.py,186,TODO,(dev): Implement exponential backoff
.python_tmp/setup_env.py,191,TODO,- Implement request signing
.python_tmp/setup_env.py,192,TODO,(dev): Add response compression support
.python_tmp/setup_env.py,197,TODO,(dev): Implement concurrent batch processing
module_a.py,7,TODO,Add input validation for empty data
module_a.py,8,TODO,Implement caching mechanism for repeated calls
module_a.py,9,TODO,(dev): Add support for streaming data processing
module_a.py,14,TODO,- Implement proper schema validation
module_a.py,15,TODO,(dev): Add type hints
module_a.py,22,TODO,(dev): Implement option handling
module_a.py,29,TODO,Load config from file instead of hardcoding
module_a.py,30,TODO,(dev): Add validation for config parameters
module_a.py,35,TODO,(warning): Handle network timeout gracefully
module_a.py,36,TODO,(future): Add support for batch processing
module_a.py,37,TODO,(dev): Implement error recovery
module_a.py,41,TODO,(dev): Graceful shutdown implementation
module_b.py,5,TODO,Add retry logic for failed requests
module_b.py,6,TODO,(bug): Fix memory leak in connection pool
module_b.py,7,TODO,(dev): Add connection pooling configuration
module_b.py,11,TODO,Add timeout parameter
module_b.py,12,TODO,Handle SSL certificate errors
module_b.py,13,TODO,(dev): Implement exponential backoff
module_b.py,18,TODO,- Implement request signing
module_b.py,19,TODO,(dev): Add response compression support
module_b.py,24,TODO,(dev): Implement concurrent batch processing
tests/test_module_a.py,3,TODO,Add more test cases
tests/test_module_a.py,4,TODO,Mock external dependencies
tests/test_module_a.py,7,TODO,Test edge cases
utils/helpers.py,3,TODO,add support for multi-threading
utils/helpers.py,4,TODO,(bugfix): Race condition in concurrent access
utils/helpers.py,8,TODO,Support custom formatting templates
